{"cameraMode":{"drawMode":0,"name":"Shaded","section":"Shading Mode"},"sceneLighting":false,"audioPlay":false,"sceneViewState":{"showFog":true,"showMaterialUpdate":true,"showSkybox":false,"showFlares":true,"showImageEffects":true,"showParticleSystems":true},"in2DMode":false,"pivot":{"x":0.32431983947753909,"y":3.1540918350219728,"z":-4.2444376945495609},"rotation":{"x":-0.0003201497602276504,"y":-0.9985575675964356,"z":-0.0059915087185800079,"w":0.05337170138955116},"size":1.3573187589645386,"orthographic":true}