{"cameraMode":{"drawMode":0,"name":"Shaded","section":"Shading Mode"},"sceneLighting":true,"audioPlay":false,"sceneViewState":{"showFog":true,"showMaterialUpdate":true,"showSkybox":true,"showFlares":true,"showImageEffects":true,"showParticleSystems":true},"in2DMode":false,"pivot":{"x":-23.091585159301759,"y":-11.371376991271973,"z":5.898622512817383},"rotation":{"x":-0.16625313460826875,"y":0.7760356664657593,"z":-0.22888556122779847,"w":-0.5636820197105408},"size":24.78756332397461,"orthographic":false}