{"cameraMode":{"drawMode":0,"name":"Shaded","section":"Shading Mode"},"sceneLighting":false,"audioPlay":false,"sceneViewState":{"showFog":true,"showMaterialUpdate":true,"showSkybox":false,"showFlares":true,"showImageEffects":true,"showParticleSystems":true},"in2DMode":false,"pivot":{"x":5.150000095367432,"y":2.2300000190734865,"z":7.5329999923706059},"rotation":{"x":-0.259050577878952,"y":-0.5060602426528931,"z":0.162556990981102,"w":-0.8064563870429993},"size":0.6000174283981323,"orthographic":false}