{"cameraMode":{"drawMode":0,"name":"Shaded","section":"Shading Mode"},"sceneLighting":false,"audioPlay":false,"sceneViewState":{"showFog":true,"showMaterialUpdate":true,"showSkybox":false,"showFlares":true,"showImageEffects":true,"showParticleSystems":true},"in2DMode":false,"pivot":{"x":5.287010669708252,"y":2.2210094928741457,"z":7.5592732429504398},"rotation":{"x":0.11818086355924607,"y":0.798064649105072,"z":-0.16635079681873322,"w":0.5669716596603394},"size":0.695419430732727,"orthographic":false}