{"cameraMode":{"drawMode":0,"name":"Shaded","section":"Shading Mode"},"sceneLighting":true,"audioPlay":false,"sceneViewState":{"showFog":true,"showMaterialUpdate":true,"showSkybox":true,"showFlares":true,"showImageEffects":true,"showParticleSystems":true},"in2DMode":false,"pivot":{"x":-14.920215606689454,"y":-9.819864273071289,"z":-41.115203857421878},"rotation":{"x":-0.16697868704795838,"y":0.8117985129356384,"z":-0.27970370650291445,"w":-0.48463115096092226},"size":39.64356231689453,"orthographic":false}