{"cameraMode":{"drawMode":0,"name":"Shaded","section":"Shading Mode"},"sceneLighting":false,"audioPlay":false,"sceneViewState":{"showFog":true,"showMaterialUpdate":true,"showSkybox":false,"showFlares":true,"showImageEffects":true,"showParticleSystems":true},"in2DMode":false,"pivot":{"x":5.7743940353393559,"y":2.135683536529541,"z":7.492397308349609},"rotation":{"x":0.3228088915348053,"y":-0.24997523427009583,"z":0.08881892263889313,"w":0.9085251688957214},"size":1.5518298149108887,"orthographic":false}