{"cameraMode":{"drawMode":0,"name":"Shaded","section":"Shading Mode"},"sceneLighting":false,"audioPlay":false,"sceneViewState":{"showFog":true,"showMaterialUpdate":true,"showSkybox":false,"showFlares":true,"showImageEffects":true,"showParticleSystems":true},"in2DMode":false,"pivot":{"x":5.150000095367432,"y":2.266996383666992,"z":7.541265964508057},"rotation":{"x":0.3412550687789917,"y":0.43322888016700747,"z":-0.18158744275569917,"w":0.8141818046569824},"size":0.8028060793876648,"orthographic":false}