{"cameraMode":{"drawMode":0,"name":"Shaded","section":"Shading Mode"},"sceneLighting":true,"audioPlay":false,"sceneViewState":{"showFog":true,"showMaterialUpdate":true,"showSkybox":true,"showFlares":true,"showImageEffects":true,"showParticleSystems":true},"in2DMode":false,"pivot":{"x":7.050075531005859,"y":-12.5233793258667,"z":-84.46836853027344},"rotation":{"x":-0.10732002556324005,"y":0.868931770324707,"z":-0.21569345891475678,"w":-0.43235185742378237},"size":30.29908561706543,"orthographic":false}