{"cameraMode":{"drawMode":0,"name":"Shaded","section":"Shading Mode"},"sceneLighting":true,"audioPlay":false,"sceneViewState":{"showFog":true,"showMaterialUpdate":true,"showSkybox":true,"showFlares":true,"showImageEffects":true,"showParticleSystems":true},"in2DMode":false,"pivot":{"x":-16.90338706970215,"y":-16.52720069885254,"z":-26.381675720214845},"rotation":{"x":-0.16363407671451569,"y":0.8096004724502564,"z":-0.26677531003952029,"w":-0.49659255146980288},"size":19.781648635864259,"orthographic":false}