{"cameraMode":{"drawMode":0,"name":"Shaded","section":"Shading Mode"},"sceneLighting":false,"audioPlay":false,"sceneViewState":{"showFog":true,"showMaterialUpdate":true,"showSkybox":false,"showFlares":true,"showImageEffects":true,"showParticleSystems":true},"in2DMode":false,"pivot":{"x":-3.5899999141693117,"y":2.5199999809265138,"z":-4.010000228881836},"rotation":{"x":0.09599138796329498,"y":0.48780733346939089,"z":-0.05407349765300751,"w":0.8659747838973999},"size":0.8660255670547485,"orthographic":false}