{"cameraMode":{"drawMode":0,"name":"Shaded","section":"Shading Mode"},"sceneLighting":false,"audioPlay":false,"sceneViewState":{"showFog":true,"showMaterialUpdate":true,"showSkybox":false,"showFlares":true,"showImageEffects":true,"showParticleSystems":true},"in2DMode":false,"pivot":{"x":83.20338439941406,"y":9.89957046508789,"z":-61.44062805175781},"rotation":{"x":-0.3277842104434967,"y":-0.6281660795211792,"z":0.6236743927001953,"w":-0.3301452696323395},"size":8.39452075958252,"orthographic":false}