{"cameraMode":{"drawMode":0,"name":"Shaded","section":"Shading Mode"},"sceneLighting":false,"audioPlay":false,"sceneViewState":{"showFog":true,"showMaterialUpdate":true,"showSkybox":false,"showFlares":true,"showImageEffects":true,"showParticleSystems":true},"in2DMode":false,"pivot":{"x":5.183043003082275,"y":2.2300000190734865,"z":7.65191125869751},"rotation":{"x":0.06447232514619827,"y":-0.9322068691253662,"z":0.207788348197937,"w":0.289309561252594},"size":3.011897325515747,"orthographic":false}