{"cameraMode":{"drawMode":0,"name":"Shaded","section":"Shading Mode"},"sceneLighting":false,"audioPlay":false,"sceneViewState":{"showFog":true,"showMaterialUpdate":true,"showSkybox":false,"showFlares":true,"showImageEffects":true,"showParticleSystems":true},"in2DMode":false,"pivot":{"x":3.26999568939209,"y":2.609471559524536,"z":10.419893264770508},"rotation":{"x":-0.15014536678791047,"y":0.4801308512687683,"z":-0.08380728960037232,"w":-0.8601807355880737},"size":0.8803731799125671,"orthographic":false}