{"cameraMode":{"drawMode":0,"name":"Shaded","section":"Shading Mode"},"sceneLighting":false,"audioPlay":false,"sceneViewState":{"showFog":true,"showMaterialUpdate":true,"showSkybox":false,"showFlares":true,"showImageEffects":true,"showParticleSystems":true},"in2DMode":false,"pivot":{"x":5.176203727722168,"y":2.4704766273498537,"z":7.4629998207092289},"rotation":{"x":0.1964903026819229,"y":0.28696903586387637,"z":-0.060268547385931018,"w":0.9356368184089661},"size":3.449791431427002,"orthographic":true}